_id,age,gender,total_income,expenses,utilities,entertainment,school_fees,shopping,healthcare
65dce0ff611655f566da97f7,38,male,200000,,on,on,on,on,on
65dce21f611655f566da97f8,76,male,31000,,,,,,
65dce233611655f566da97f9,64,other,70000,,on,,,,on
65dce24c611655f566da97fa,68,female,75000,,on,,,on,on
65dce25d611655f566da97fb,55,male,100000,,,on,,,on
65dce278611655f566da97fc,58,male,90000,,on,on,,on,on
65dce286611655f566da97fd,48,male,120000,,,on,,,
65dce2a0611655f566da97fe,44,female,110000,,on,on,,on,on
65dce2b8611655f566da97ff,40,male,110000,,on,,on,,on
65dce2ca611655f566da9800,38,male,150000,,on,,,,on
65dce2d5611655f566da9801,65,female,150000,,,,,,
65dce2e7611655f566da9802,35,female,130000,,,on,,,on
65dce2ff611655f566da9803,32,male,120000,,on,,,,on
65dce316611655f566da9804,35,female,85000,,on,,on,,on
65dce324611655f566da9805,30,male,150000,,on,,,on,
65dce336611655f566da9806,27,male,79000,,,,,on,on
65dce347611655f566da9807,25,male,150000,,,on,,on,
65dce367611655f566da9808,24,female,49900,,on,on,on,on,on
65dce370611655f566da9809,23,male,30000,,,,,,
65dce377611655f566da980a,22,male,59000,,,,,,
65dce37f611655f566da980b,20,female,1400,,,,,,
65dce38f611655f566da980c,26,male,56900,,,,,,on
65dce396611655f566da980d,18,female,25000,,,,,,
65dce39d611655f566da980e,19,female,35000,,,,,,
65dce3ab611655f566da980f,26,male,56200,,,,,,
65dce3b5611655f566da9810,95,male,20000,,,,,,on
65dce418611655f566da9811,56,male,70000,,on,,on,on,on
65dce436611655f566da9812,70,male,2500,,on,on,on,on,on
